districtName,regFee,project_cost,project_address,prmtr_com_reg_no,payment_status,payment_token,wfoid,projectCost,projectType,projectRegId,total_est_cost_of_proj,regNo,projectName,districtType,projOrgFDate,extDate,disposed_date,project_ack_no,startDate,endDate,hardcopysubmissionDate,pmtr_email_id,project_status,promoterName,approvedOn,promoterAddress
Surat,1000000,27699400000,"BLOCK NO.177, VILLAGE KHAJOD, TALUKA MAJURA SURAT",U74140GJ2014NPL081370,Paid,PRC00GGNQ4871,7871,27699400000,Commercial,7871,27699400000,PR/GJ/SURAT/SURAT CITY/Others/CAA05247/A1C/EX1/260722,SURAT DIAMOND BOURSE,Surat,2022-06-30 00:00:00,2023-06-30 00:00:00, ,PR/SURAT/SURAT CITY/SUDA/190311/006925,2017-12-05,2023-06-30,2019-02-26 13:30:00,info@sdbbourse.com,New,SDB DIAMOND BOURSE,2019-04-10,"67, 1ST FLOOR, TAPTI EXPORTS, PATEL FALIA, GOTALAWADI, KATARGAM"
Ahmedabad,10000,16045500000,21 MAHADEVNAGAR COOP.HOUS.SOC.LTD NAVRANGPURA,GUJAH103346,Paid,PRCC4ORPS5567,13567,168676000,Residential/Group Housing,13567,168676000,PR/GJ/AHMEDABAD/AHMEDABAD CITY/AUDA/RAA09912/EX1/031023,SAMYAK ARISE,Ahmedabad,2023-06-30 00:00:00,2024-06-30 00:00:00, ,PR/AHMEDABAD/AHMEDABAD CITY/GUJRERA/220204/012276,2021-08-30,2024-06-30,2022-01-07 22:13:12,samyakarise2021@gmail.com,New,SAMYAKTVA  DEVELOPERS,2022-03-19,210 RATANA HIGH STREET NARANPURA
Vadodara,660150,10779400000,"AGORA CITY CENTRE, NEAR RATRI BAZAR SAMA, SANJAYNAGAR ",U45201GJ2006PTC048481,Paid,PRCKVTJ043396,2396,10779400000,Mixed Development,2396,10779400000,PR/GJ/VADODARA/VADODARA/Others/MAA00721/EX2/EX1/171022,AGORA CITY CENTER,Vadodara,2021-06-30 00:00:00,2023-06-30 00:00:00, ,PR/VADODARA/VADODARA/VADODARA TPO/170830/001960,2017-03-21,2023-06-30,2017-08-30 00:00:00,shreebalaji.ashish49@gmail.com,Ongoing,MANAV INFRASTRUCTURE PRIVATE LIMITED,2017-11-15,"4TH FLOOR,SHREE BALAJI MALL, VISAT GANDHINAGAR HIGHWAY MOTERA"
Vadodara,205822,10113600000,"SHRI RAM CORPORATION, BEHIND SHAKTI GREENS OPP. SYNOVE EMPERORS, VASNA BHAYALI ROAD",GUJVA102779,Paid,PRCVA6D3M6959,14959,1011360000,Residential/Group Housing,18005,1011360000,PR/GJ/VADODARA/VADODARA/Others/RAA11322/030323,RATNAM PARK VIEW,Vadodara,2026-06-30 00:00:00, , ,PR/VADODARA/CHHOTA UDAIPUR/GUJRERA/221213/013589,2021-05-21,2027-12-31,2022-10-17 15:09:09,ratnam.parkview@gmail.com,New,SHRI RAM CORPORATION,2023-03-03,"247,260,11 Ratnam Park View Shakti Greens, Vasna Bhayli Road, Padra Road"
Ahmedabad,201015,9111090000,"Karnavati Appartment - 5, Nr. Rishit Residency, Narol-Aslali Road, Vatva",GUJAH201255,Paid,PRC7CYBY34675,8675,921092000,Mixed Development,8675,921092000,PR/GJ/AHMEDABAD/AHMEDABAD CITY/AUDA/MAA05932/A1M/090321,KARNAVATI APPARTMENT - 5,Ahmedabad,2025-06-30 00:00:00, , ,PR/AHMEDABAD/AHMEDABAD CITY/GANDHINAGAR TPO/190718/007712,2019-05-15,2025-06-30,2019-07-04 12:06:51,sainathbuildcon13@gmail.com,New,SAINATH BUILDCON,2019-08-23,"Karnavati Appartment -5, Nr. Rishit Residency, 100Ft Road, Opp. Lambha Turning Narol - Aslali Road, Vatva,"
Surat,1000000,8324560000,"TP-33(DUMBHAL),FP-13, NEXT TO MILLENIUM HOUSE NEAR TEXTILE MARKET AREA,BRTS CANAL ROAD,SURAT",GUJSRT172137,Paid,PRC2JTY1X3304,6304,11925000000,Commercial,6304,11925000000,PR/GJ/SURAT/SURAT CITY/SUDA/CAA03028/280618,HAPPY BENCHMARK TEXTILE HUB,Surat,2024-11-20 00:00:00, , ,PR/SURAT/SURAT CITY/SURAT TPO/180601/005415,2018-05-20,2024-11-20,2018-06-01 17:36:04,happybenchmark123@gmail.com,New,HAPPY HOME CORPORATION,2018-06-28,"Shantiniketan, 1st Floor, Near S.D.Jain School University Airport Road, Vesu Cross Road, Surat-395007"
Surat,654367,7568070000,"T.P.S. NO:- 3 (RUNDH), R.S.NO.:- 12/3/1,2,3 + 12/4 + 4/1/P, O.P. NO:- 4+5+36, F.P.:- 12+13+(14+15) PAIKEE SUB PLOT -02, AT: RUNDH, TA: MAJURA, DIST: SURAT ",GUJSR105317,Paid,PRCBUX3SF6508,16508,7568070000,Residential/Group Housing,19406,7568070000,PR/GJ/SURAT/SURAT CITY/SUDA/RAA12270/010923,AVADH CLASSIMA,Surat,2028-03-30 00:00:00, , ,PR/SURAT/SURAT CITY/GUJRERA/230720/015123,2023-06-23,2028-03-31,2023-07-17 16:39:01,avadhclassima@gmail.com,New,AVADH CLASSIMA,2023-09-01,"T.P. NO: 3 (RUNDH), R.S. NO.:- 12/3, O.P.: NO: 5, F.P.: 14+15/P SUB PLOT -01, AT: RUNDH, TA: MAJURA, DIST: SURAT "
Surat,1000000,7114300000,"GLOBALE TEXTILE MARKET UMARWADA, KADODARA ROAD, SURAT",AAC2804,Paid,PRC436KN13109,1109,7110000000,Commercial,1109,7110000000,PR/GJ/SURAT/SURAT CITY/SUDA/CAA00821/241117,GLOBALE TEXTILE MARKET,Surat,2019-12-31 00:00:00, , ,PR/SURAT/SURAT CITY/SURAT TPO/170731/000887,2014-07-22,2019-12-31,2017-07-31 00:00:00,accounts@globale.co.in,Ongoing,GLOBALE INFRASPACE LLP,2017-11-24,"Globale Textile Market Umarwada, Kadodara Road, Surat"
Ahmedabad,477060,7048500000,"MAPLE TREE Opp Patel Media, Sun - n - Step Club Road, Nr Surdhara Circle, Thaltej, Ahmedabad - 380059",U45200GJ2015PTC082484,Paid,PRCV6GXE13344,344,6551500000,Mixed Development,344,6551500000,PR/GJ/AHMEDABAD/AHMADABAD CITY/AUDA/MAA00012/240817,MAPLE TREE,Ahmedabad,2019-02-28 00:00:00, , ,PR/AHMEDABAD/AHMADABAD CITY/AHMEDABAD TPO/170730/000243,2015-03-12,2019-02-28,2017-07-30 00:00:00,rera@ganeshhousing.net,Ongoing,Essem Infra Private Limited,2017-08-24,"Ganesh Corporate House 100 Ft Hebatpura - Thaltej Road, Nr. Sola Bridge, Off S.G Highway, Thaltej, Ahmedabad "
Ahmedabad,272581,6412300000,"Bhagwat Elysium, Opp. Shrinand Elite, Nr. Ridham Plaza, Amarjawan Circle, Nikol",GUJAH202220,Paid,PRCRMDVB05003,12003,641230000,Mixed Development,12003,641230000,PR/GJ/AHMEDABAD/AHMEDABAD CITY/AUDA/MAA08616/140621,Bhagwat Elysium,Ahmedabad,2025-03-31 00:00:00, , ,PR/AHMEDABAD/AHMEDABAD CITY/GUJRERA/210503/010806,2021-02-24,2025-03-31,2021-04-22 15:11:57,bhagwat.elysium@gmail.com,New,Shreenath Buildcon,2021-06-14,"B/408, SHANTINIKETAN BUSINESS CENTER, NR DOMINOS PIZZA,  GANGOTRI CIRCLE, NIKOL, "
Ahmedabad,472482,6332300000,"F.P.No. 102/1, Sub Plot No.1, Nr. Aaryman Residency Kalhar Bungalow Road, Shilaj",ABB1420,Paid,PRCI4AFXK6845,14845,6332300000,Residential/Group Housing,17909,6332300000,PR/GJ/AHMEDABAD/AHMEDABAD CITY/AUDA/RAA10898/A1R/160923,Aranyam,Ahmedabad,2026-11-30 00:00:00, , ,PR/AHMEDABAD/AHMEDABAD CITY/GUJRERA/221011/013483,2022-09-16,2028-12-31,2022-09-29 16:58:19,rera.aranyam@gmail.com,New,AARYAN BUILD PROJECTS LLP,2022-11-11,"406, Aaryan Work Space, Opp. G-B-C-1, Nr. Somlalit College, St. Xaviers Road, Navrangpura"
Gandhinagar,585136,5892230000,"Dharohar, Moje Khoraj TP Scheme No. 63",ABC2309,Paid,PRCNWJE2F6512,16512,5892230000,Residential/Group Housing,19410,5892230000,PR/GJ/GANDHINAGAR/GANDHINAGAR/Others/RAA12236/310823,Dharohar,Gandhinagar,2029-03-31 00:00:00, , ,PR/GANDHINAGAR/GANDHINAGAR/GUJRERA/230720/015125,2023-04-26,2027-12-31,2023-07-13 16:09:31,dharohar@sheetalinfra.com,New,SHEETAL HOUSING DEVELOPMENT LLP,2023-08-31,"25, 4th Floor, Shukan Mall Nr. Rajasthan Hospital, Shahibaug"
Surat,701654,5781080000,"Rajhans Golf Link, Near GD Goenka International School, Vesu Canal Road, Vesu, Surat",U70102GJ2010PTC059951,SAVED,PRC4EFXAW7905,15943,5781080000,Residential/Group Housing,18905,5781080000,PR/GJ/SURAT/SURAT CITY/SUDA/RAA11989/210623,RAJHANS GOLF LINK,Surat,2026-12-31 00:00:00, , ,PR/SURAT/SURAT CITY/GUJRERA/230429/014556,2023-04-22,2027-12-31,2023-04-26 15:42:31,rajhans.golflink@gmail.com,New,RAJHANS INFRACON (INDIA) PRIVATE LIMITED,2023-06-21,"Rajhans Empire, Beside Le Meridien Hotel, Near Airport Dumas Road, Surat"
Surat,695779,5762900000,"T.P.S. NO: 26 (ABHVA), F.P. NO: 84 + 85/1 + 92 + 93 + 94, O.P. NO : 84 + 85/1 + 92 + 93 + 94 BLOCK NO.394,389,393+395/1+,395/2,396 AT : ABHVA, TA : MAJURA, DIST : SURAT ",GUJSR105602,Paid,PRCXWQ45D6536,14536,5762900000,Residential/Group Housing,17644,5762900000,PR/GJ/SURAT/CHORASI/SUDA/RAA10610/300822,AVADH ERCOLE,Surat,2025-09-30 00:00:00, , ,PR/SURAT/CHORASI/GUJRERA/220729/013175,2022-06-16,2028-12-31,2022-07-25 18:04:01,avadhercole@gmail.com,New,AVADH INFRABUILD,2022-08-30,"T.P.S. NO: 26 (ABHVA), F.P. NO: 84 + 85/1 + 92 + 93 + 94, O.P. NO : 84 + 85/1 + 92 + 93 + 94,  BLOCK NO.394,389,393+395/1+,395/2,396 AT : ABHVA, TA : MAJURA, DIST : SURAT"
Ahmedabad,352782,5485490000,"Ikebana, Beside courtyard marriott,  Sindhu Bhavan Road, Bodakdev,",U22190GJ1984PTC006776,SAVED,PRCBARPI67770,14688,7026670000,Residential/Group Housing,17770,7026670000,PR/GJ/AHMEDABAD/DASKROI/AUDA/RAA10949/191122,IKEBANA,Ahmedabad,2026-06-30 00:00:00, , ,PR/AHMEDABAD/DASKROI/GUJRERA/220920/013324,2022-06-17,2027-07-01,2022-09-05 12:11:10,galaikebana@galainfra.com,New,NEMI LANDMARKS PRIVATE LIMITED,2022-11-19,"9 Floor, gala Infrastructure, Safal Profitaire, Corporate Road Opp. Ramada Hotel, Prahalad nagar, "
Ahmedabad,448760,5373340000,"Bopal Cross Road,  S P Ring Road, Bopal",U45201GJ2004PTC044776,Paid,PRCDCIXN13136,1136,6015530000,Residential/Group Housing,1136,6015530000,PR/GJ/AHMEDABAD/DASKROI/AUDA/RAA00340/EX1/200219,ISCON PLATINUM,Ahmedabad,2018-12-31 00:00:00,2019-12-31 00:00:00, ,PR/AHMEDABAD/DASKROI/AHMEDABAD TPO/170731/000936,2015-04-01,2019-12-31,2017-07-31 00:00:00,isconvoguerera2023@gmail.com,Ongoing,JP ISCON PRIVATE LIMITED,2017-10-05,"Iscon House, B/h. Rembrandt Building, Nr. K.P. Hoste, Opp. Associated Petrol Pump off C.G. Road, Ahmedabad"
Gandhinagar,589396,5280100000,BLOCK NO 25 BUILDING FOOTPRING 25D PIROJPUR,ABB4108,SAVED,PRCFFI0SB7965,16005,5280100000,Mixed Development,18965,5280100000,PR/GJ/GANDHINAGAR/GANDHINAGAR/Others/MAA12149/170823,STELLA,Gandhinagar,2027-12-31 00:00:00, , ,PR/GANDHINAGAR/GANDHINAGAR/GUJRERA/230522/014629,2023-03-31,2028-03-30,2023-05-09 20:16:13,jayesh.pandya@bakeri.com,New,BAKERI RESIDENCES LLP,2023-08-17,2ND FLOOR SANSKRUT BUILDING BH OLD HIGH COURT ASHRAM ROAD
Ahmedabad,1200000,5132340000,"GODREJ GARDEN CITY, B/H NIRAM UNVIERSITY JAGATPUR ROAD",AAB3722,Paid,PRCVZWAY05026,14026,5132340000,Mixed Development,17207,5132340000,PR/GJ/AHMEDABAD/AHMEDABAD CITY/AUDA/MAA10290/080622,CELESTE,Ahmedabad,2026-12-31 00:00:00, , ,PR/AHMEDABAD/AHMEDABAD CITY/GUJRERA/220407/012694,2022-04-25,2027-03-10,2022-03-28 18:51:18,nikitpatel@shreesiddhi.co.in,New,SHREE SIDDHI INFRABUILDCON LLP,2022-06-08,"D-1001, Ganesh Meridian, Opp. Amiraj Farm, New Gujarat High Court ,S.G.Highway,"
Ahmedabad,623736,5107200000,"SKYCITY, NEAR CLUB 07,S.P.RING ROAD BLOCK NOS.215,251,305,306, F.P NO. 21, TP SCHME NO .  1(SHELA)",AAB5357,Paid,PRCPQTT4H6719,14719,5107200000,Residential/Group Housing,17797,5107200000,PR/GJ/AHMEDABAD/SANAND/AUDA/RAA10889/111122,RIVIERA MAJESTICA,Ahmedabad,2024-12-31 00:00:00, , ,PR/AHMEDABAD/SANAND/GUJRERA/220908/013353,2022-01-01,2027-12-31,2022-09-02 21:28:22,rivierasprings.rera@gmail.com,New,SAFAL GOYAL REALTY LLP,2022-11-11,"GOYAL HOUSE, OPP KARNAVATI CLUB S G HIGHWAY"
Surat,595420,4885210000,"R.S. NO. 140 /p1 to p8 ,O.P.-3,F.P.NO.-3 , Notional Plot -A , T.P. Scheme -5 (Vesu - Bhimrad)  Canal Rd, Behind South Gujarat University, New Airport Road, Vesu",NOT APPLICABLE,Paid,PRCVEABNA3326,4326,5325080000,Residential/Group Housing,4326,5325080000,PR/GJ/SURAT/SURAT CITY/SUDA/RAA00654/EX1/090621,CELLESTIAL DREAMS,Surat,2021-06-30 00:00:00,2022-06-29 00:00:00, ,PR/SURAT/SURAT CITY/SUDA/171012/003669,2012-06-26,2022-06-29,2017-10-12 13:33:52,drbravani@pradeepsinghi.com,Ongoing,DRB RAVANI DEVELOPERS,2017-11-09,"R.S.NO.140/p1 to p8 , O.P.-3,F.P. NO.-3 , Notional Plot-A, T.P.Scheme - 5 (Vesu - Bhimrad) Canal Road, New Airport Rd, Behind South Gujarat University , Vesu"
Ahmedabad,1124740,4870390000,"B/H, TRP, Opp. Bhavya Park BRTS Bus Stop Central Bopal",AAS8781,Paid,PRCRKNL2G5868,12868,4870390000,Mixed Development,12868,4870390000,PR/GJ/AHMEDABAD/AHMEDABAD CITY/AUDA/MAA09171/111021,Rajyash Regius,Ahmedabad,2026-12-31 00:00:00, , ,PR/AHMEDABAD/AHMEDABAD CITY/GUJRERA/210920/011588,2021-06-04,2026-12-31,2021-09-08 12:53:39,rera.rajyashregius@gmail.com,New,RAJYASH PROCON LLP,2021-10-11,"305-405, Mauryansh Elanza, Nr. Parikh Hospital Shyamal Cross Road, Satellite"
Ahmedabad,506790,4837370000,"SHALIGRAM PRIME, Marigold Circle, Safal Parisar Road South Bopal, Ahmedabad ",AAN8853,Paid,PRCCBI5UA4036,9036,4837370000,Mixed Development,9036,4837370000,PR/GJ/AHMEDABAD/AHMEDABAD CITY/AUDA/MAA06127/A2M/281021,SHALIGRAM PRIME,Ahmedabad,2025-08-28 00:00:00, , ,PR/AHMEDABAD/AHMEDABAD CITY/AHMEDABAD TPO/190909/008057,2019-08-23,2025-08-28,2019-09-03 13:06:03,legal@shaligrambuildcon.com,New,SHALIGRAM PROPERTIES LLP,2019-09-30,"9th Floor, Shaligram CorporatesB/HDishman House Opp. Sankalp Grace-II , Bopal Ambli Road,, Ambli, Ahmedabad"
Ahmedabad,398596,4790430000,"THE BELLAGIO, OPP JAY AMBE HOTEL  NR. ISCON CROSS ROAD, AHMEDABAD",ABA2350,Paid,PRC40P2676957,15957,4790430000,Residential/Group Housing,18919,4790430000,PR/GJ/AHMEDABAD/DASKROI/AUDA/RAA11972/190623,THE BELLAGIO,Ahmedabad,2023-12-31 00:00:00, , ,PR/AHMEDABAD/DASKROI/GUJRERA/230522/014570,2023-04-11,2029-03-31,2023-05-13 11:58:53,aumshreyarealty@gmail.com,New,AUM SHREYA REALTY LLP,2023-06-19,"416 Palak Prime, Opp Double tree by Hilton Iscon Ambli Road, Ahmedabad"
Ahmedabad,63080,4600000000,Opp Antrix Colony BRTS Bus Stop ISCON Ambli Road ,AAF5574,Paid,PRCFMQ1F83997,6997,4600000000,Residential/Group Housing,6997,4600000000,PR/GJ/AHMEDABAD/AHMEDABAD CITY/AUDA/RAA03638/A2R/240122,THE NORTH,Ahmedabad,2024-02-29 00:00:00, , ,PR/AHMEDABAD/AHMEDABAD CITY/AHMEDABAD TPO/180914/006076,2018-09-01,2024-02-29,2018-09-14 13:30:31,bsthenorth@gmail.com,New,TRUE VALUE BUILDSPACE LLP,2018-10-09,True Value House Opp Sundervan Bus Stand Near ISRO Satellite
Ahmedabad,2798010,4498020000,"Applewoods Villas, Applewoods Township, Shantipura Cross Road Sardar Patel Ring Road",U45201GJ2007PTC052343,SAVED,PRCQ0X8K27728,728,4598020000,Residential/Group Housing,728,4598020000,PR/GJ/AHMEDABAD/SANAND/AUDA/RAA00482/A1R/240120,APPLEWOODS VILLAS,Ahmedabad,2029-02-01 00:00:00, , ,PR/AHMEDABAD/SANAND/AUDA/170731/000923,2012-06-02,2029-02-01,2017-07-31 00:00:00,custinfo@applewoods.co.in,Ongoing,APPLEWOODS ESTATE PRIVATE LIMITED,2017-10-17,"Block No. 16, Abhishree Corporate Park,  Opp. Swagat Bungalows BRTS Stop, Iscon–Ambli Road, "
Surat,295120,4492300000,"TP-29,FP-80,UNIVERSITY-AIRPORT ROAD, B/H-LALBHAI STADIUM,  NEAR RAHULRAJ MALL, VESU, SURAT.",GUJSRT172137,Paid,PRCDESEI13031,1031,4118870000,Residential/Group Housing,1031,4118870000,PR/GJ/SURAT/SURAT CITY/SUDA/RAA00206/210917,HAPPY EXCELENCIA,Surat,2018-12-29 00:00:00, , ,PR/SURAT/SURAT CITY/SURAT TPO/170730/000796,2016-03-17,2018-12-29,2017-07-30 00:00:00,happyexcelencia@sutarwala.in,Ongoing,HAPPY HOME CORPORATION,2017-09-21,"Shantiniketan, 1st Floor, Near S.D.Jain School,  University Airport Road, Vesu Cross Road"
Ahmedabad,320062,4475610000,"MARUTI 360, OPP WIDE ANGLE BODAKDEV",GUJAH102398,Paid,PRCQ77BY76034,16034,4475610000,Residential/Group Housing,18991,4475610000,PR/GJ/AHMEDABAD/AHMEDABAD CITY/AUDA/RAA12039/280623,MARUTI 360,Ahmedabad,2026-12-31 00:00:00, , ,PR/AHMEDABAD/AHMEDABAD CITY/GUJRERA/230522/014649,2023-04-11,2028-12-31,2023-05-06 17:11:08,accounts2@marutibuildcon.com,New,ANJNEY FINEBUILD,2023-06-28,"1101 11TH FLOOR, ELANZA VERTEX NR ZAINOBIYA, SINDHU BHAVAN ROAD"
Ahmedabad,232570,4435600000,"SHILP- SHALIGRAM , NEAR AHMEDABAD -1  MALL, OPP :- SHABARI BUNGLOWS,",AAK5464,Paid,PRC4HIG8G3342,7342,4435600000,Residential/Group Housing,7342,4435600000,PR/GJ/AHMEDABAD/AHMEDABAD CITY/AUDA/RAA04413/A2R/261221,SHILP- SHALIGRAM,Ahmedabad,2022-12-30 00:00:00, , ,PR/AHMEDABAD/AHMEDABAD CITY/AHMEDABAD TPO/181123/006405,2018-11-01,2022-12-30,2018-11-23 17:25:19,account@shilp.co.in,New,AAHNA BUILDSPACE - LLP,2018-12-19,"204-A, SHILP-3, NEAR MANN PARTY PLOT BODKEDEV, AHMEDABAD"
Ahmedabad,247175,4374960000,AMBLI ROAD OPPOSITE DISHMAN HOUSE JAYANTILAL PARK BRTS,AAF2532,Paid,PRCX4S0OR3857,5857,5324960000,Commercial,5857,5324960000,PR/GJ/AHMEDABAD/AHMEDABAD CITY/AUDA/CAA02348/120418,NAVRATNA CORPORATE PARK (NCP),Ahmedabad,2023-03-30 00:00:00, , ,PR/AHMEDABAD/AHMEDABAD CITY/AUDA/180329/005000,2018-03-22,2023-03-30,2018-03-29 21:31:32,rerancp@navratna.com,New,NAVRATNA BUILDSPACE LLP,2018-04-12,"NAVRATNA HOUSE, NAVRATNA BUSINESS PARK,  OPPOSITE ARMIEDA SPA, SINDHU BHAWAN ROAD, "
Ahmedabad,961840,4294440000,"SHILP RESIDENCY B/H OLIVE GREENS, NR. GOTA CROSS ROADS, GOTA",ABA5200,Paid,PRCXP8WCP6092,15092,4291940000,Mixed Development,18120,4291940000,PR/GJ/AHMEDABAD/AHMEDABAD CITY/AUDA/MAA11096/291222,SHILP RESIDENCY,Ahmedabad,2025-12-31 00:00:00, , ,PR/AHMEDABAD/AHMEDABAD CITY/GUJRERA/221118/013722,2022-10-20,2027-06-30,2022-11-15 19:51:36,rera.shilpnorthsky@gmail.com,New,SHILP INFRAPROJECTS LLP,2022-12-29,"SHILP HOUSE, SUR NO 220/ 2/4, F P 304/3, TP 50 RAJPATH CLUB, RAJPATH RANGOLI ROAD, BODAKDEV"
Gandhinagar,261641,4249740000,"Shivalik Skyview,Plot no.16D,Block 16 Zone 1,GIFT-SEZ,GIFT city,Gandhinagar",AAG1818,Paid,PRCZXBHV16719,15719,4249740000,Residential/Group Housing,18696,4249740000,PR/GJ/GANDHINAGAR/GANDHINAGAR/Others/RAA11515/240323,Shivalik Skyview,Gandhinagar,2027-12-31 00:00:00, , ,PR/GANDHINAGAR/GANDHINAGAR/GUJRERA/230320/014342,2023-03-14,2028-02-27,2023-03-16 19:01:41,mihir@shivalikgroup.com,New,SHIVALIK JHANVI INFRASPACE LLP,2023-03-24,"B/s Satellite police Station , Satellite , Ahmedabad Satellite "
Ahmedabad,930689,4240410000,"Olive Greens, Beside Vodafone Tower, Nr. Gota Bridge, S.G. Highway,",1,Paid,PRCB6ZPA35196,12196,4240410000,Mixed Development,12196,4240410000,PR/GJ/AHMEDABAD/AHMEDABAD CITY/AUDA/MAA08691/300621,OLIVE GREENS,Ahmedabad,2026-06-30 00:00:00, , ,PR/AHMEDABAD/AHMEDABAD CITY/GUJRERA/210526/010979,2021-03-31,2026-06-30,2021-05-20 11:46:06,olivegreens.rera@gmail.com,New,GSG DEVELOPERS,2021-06-30,"10th Floor, Safal Profitaire, Corporate Road, Opp. AUDA Garden, Prahladnagar"
Gandhinagar,1111120,4152290000,"Block No.35 (building footprint 35B), Zone-3 in the Non-SEZ Area of GIFT City, in GIFT City, Gandhinagar, Gujarat",ABA5200,Paid,PRC72GP0P6043,17043,4152290000,Commercial,19680,4152290000,PR/GJ/GANDHINAGAR/GANDHINAGAR/Others/CAA12608/081123,SHILP CENTRICA,Gandhinagar,2028-03-31 00:00:00, , ,PR/GANDHINAGAR/GANDHINAGAR/GUJRERA/231101/015647,2023-10-17,2029-12-31,2023-10-27 19:28:48,rera.shilpnorthsky@gmail.com,New,SHILP INFRAPROJECTS LLP,2023-11-08,"SHILP HOUSE, SUR NO 220/ 2/4, F P 304/3, TP 50 RAJPATH CLUB, RAJPATH RANGOLI ROAD, BODAKDEV"
Ahmedabad,438197,4075530000,"SHANTAMANI FARM, B/H STUDIO COMPLEX S G HIGH WAY, GOTA",ABA4167,Paid,PRC0C3QK66952,15952,4075530000,Residential/Group Housing,18914,4075530000,PR/GJ/AHMEDABAD/AHMEDABAD CITY/AUDA/RAA11845/240523,SUPER SHALIGRAM,Ahmedabad,2024-12-31 00:00:00, , ,PR/AHMEDABAD/AHMEDABAD CITY/GUJRERA/230506/014565,2023-04-13,2029-03-31,2023-04-28 20:21:20,rera.supershaligram@gmail.com,New,SUPER SHALIGRAM LLP,2023-05-24,"4th Floor, Office No. 401 & 402, Shaligram,Corporates, B/H Dishman House, Ambli"
Ahmedabad,160095,3988930000,"AMBALI ROAD,NEAR ISCON TEMPLE,OFF S.G.HIGHWAY VIKRAM NAGAR ,AHMEDABAD",AAC2130,Paid,PRCYP0IB13788,788,3941580000,Mixed Development,788,3941580000,PR/GJ/AHMEDABAD/AHMEDABAD CITY/AUDA/MAA01158/301217,PAARIJAT ECLAT AND PRIVILON,Ahmedabad,2019-06-30 00:00:00, , ,PR/AHMEDABAD/AHMADABAD CITY/AHMEDABAD TPO/170729/000582,2014-08-20,2019-06-30,2017-07-29 00:00:00,yash.s@bsafal.com,Ongoing,SKZ DEVELOPERS LLP,2017-12-30,"B-81,PARISEEMA COMPLEX,C G ROAD ELLISBRIDGE"
Ahmedabad,228761,3972340000,"The Sovereign,  Near Thaltej-Shilaj Bridge, Thaltej",L99999GJ1982PLC005253,Paid,PRC37RILJ6732,16732,3976420000,Residential/Group Housing,19577,3976420000,PR/GJ/AHMEDABAD/AHMEDABAD CITY/AUDA/RAA12448/131023,The Sovereign,Ahmedabad,2027-12-31 00:00:00, , ,PR/AHMEDABAD/AHMEDABAD CITY/GUJRERA/230904/015347,2023-09-01,2029-08-31,2023-08-24 19:08:21,finance.re@ashima.in,New,ASHIMA LIMITED,2023-10-13,"Texcellence Complex Near Anupam Cinema, Khokhara,"
Gandhinagar,858478,3920120000,"Shivalik Curv, Block 37C GIFT City",U45201GJ2004PTC045025,Paid,PRCT5L23N6920,16920,3920120000,Commercial,19668,3920120000,PR/GJ/GANDHINAGAR/GANDHINAGAR/Others/CAA12514/211023,Shivalik Curv,Gandhinagar,2025-12-31 00:00:00, , ,PR/GANDHINAGAR/GANDHINAGAR/GUJRERA/231010/015537,2023-09-28,2029-12-31,2023-10-05 20:53:41,rera.shivalikcurv@gmail.com,New,SHIVALIK DEVELOPERS PRIVATE LIMITED,2023-10-21,"Shivalik House, Besides Satellite Police Station Ramdevnagar Cross Road, Satellite"
Surat,614250,3852460000,"Moje: Parvat, Tal.: Surat City, District: Surat Block No. 65, 67, T.P. No. 19 (Parvat-Magob), O.P. No. 32/2, 373,    F.P. No. 47 + 49",GUJ/SRT/(17)/24405,Paid,PRCL1RTM13983,983,3852470000,Commercial,983,3852470000,PR/GJ/SURAT/SURAT CITY/SUDA/CAA00100/070917,Raghuvir Scarlett,Surat,2022-06-30 00:00:00, , ,PR/SURAT/SURAT CITY/SUDA/170731/000762,2017-03-18,2022-06-30,2017-07-31 00:00:00,raghuvirsierra@gmail.com,Ongoing,RAGHUVIR DEVELOPERS & BUILDERS,2017-09-07,"RAGHUVIR HOUSE, UG 26, NARIMAN POINT SHOPPING CENTER NEAR MEGHNA PARK, CITYLIGHT ROAD"
Surat,1000000,3812160000,REVENUE SURVEY NO. 68+295 MOJE: UDHNA,U45201GJ2007PTC051275,Paid,PRC4MIY5L4319,5319,3812160000,Commercial,5319,3812160000,PR/GJ/SURAT/SURAT CITY/SUDA/CAA05144/260319,MILLENNIUM TEXTILE MARKET - 4,Surat,2025-09-30 00:00:00, , ,PR/SURAT/SURAT CITY/SURAT TPO/190226/005101,2015-09-10,2025-09-30,2019-01-28 12:00:01,accounts@laxmideveloper.com,New,SHANTI RESIDENCES PRIVATE LIMITED,2019-03-26,"818, Millenium Textile Market-2, Behind Raghukul Textile Market, BRTS Canal Road,"
Surat,555675,3767700000,"TP :- 61, (PARVAT-GODADARA),BLOCK NO.35, OP NO.35,FP NO.35, AT-(PARVAT-GODADARA),SURAT",GUJSR100534,Paid,PRC8LKQ6Y3381,6381,3767700000,Commercial,6381,3767700000,PR/GJ/SURAT/SURAT CITY/SUDA/CAA02886/130618,AVADH RITURAJ TEXTILE HUB,Surat,2027-06-30 00:00:00, , ,PR/SURAT/SURAT CITY/SUDA/180602/005487,2018-05-17,2027-06-30,2018-06-02 14:27:55,orangecorporation1213@gmail.com,New,ORANGE CORPORATION,2018-06-13,"TP :- 61, (PARVAT-GODADARA),BLOCK NO.35, OP NO.35,FP NO.35, AT-(PARVAT-GODADARA),SURAT"
Ahmedabad,431245,3740960000,"opp. Super bungalows Off Science City Road ,Sola",AAP0584,Paid,PRCPQIT7V5667,13667,3740960000,Residential/Group Housing,13667,3740960000,PR/GJ/AHMEDABAD/AHMEDABAD CITY/AUDA/RAA09838/210222,HARMONY HARIKESH,Ahmedabad,2027-12-31 00:00:00, , ,PR/AHMEDABAD/AHMEDABAD CITY/GUJRERA/220210/012347,2021-12-23,2027-12-31,2022-02-07 17:36:35,harikeshharmony@gmail.com,New,MAHAPRABHU RESIDENCY LLP,2022-02-21,"HARMONY HARIKESH, Near Super Bunglow sn-766,fp -6 , Science city road, Sola ,ahmedabad"
Surat,393549,3666260000,"BLOCK NO 183 AND 184 - B ,T P S NO 9,F P NO 12,  PALANPUR BHESAN,",GUJJUN04688,SAVED,PRCZ1144B7785,15818,3666260000,Residential/Group Housing,18785,3666260000,PR/GJ/SURAT/SURAT CITY/SUDA/RAA11763/150523,AMAYA,Surat,2027-12-31 00:00:00, , ,PR/SURAT/SURAT CITY/GUJRERA/230418/014440,2023-02-01,2035-12-31,2023-04-06 19:01:31,amayacorporation2022@gmail.com,New,AMAYA CORPORATION,2023-05-15,"PRAMUKH ORBIT 2 , 10TH FLOOR, VESU CANAL ROAD,  VESU"
Gandhinagar,704221,3653170000,PLOT NO - 25B & 25C GIFT CITY SEZ,ABA5200,Paid,PRC6MDQ736795,15795,3653170000,Mixed Development,18765,3653170000,PR/GJ/GANDHINAGAR/GANDHINAGAR/Others/MAA11559/060423,SHILP NORTH SKY,Gandhinagar,2025-12-31 00:00:00, , ,PR/GANDHINAGAR/GANDHINAGAR/GUJRERA/230403/014415,2023-03-01,2028-03-31,2023-03-29 20:55:46,rera.shilpnorthsky@gmail.com,New,SHILP INFRAPROJECTS LLP,2023-04-06,"SHILP HOUSE, SUR NO 220/ 2/4, F P 304/3, TP 50 RAJPATH CLUB, RAJPATH RANGOLI ROAD, BODAKDEV"
Ahmedabad,789210,3600000000,"Indraprasth Saptak, B/s. Sahajanand Tower Nr. Shell Petrol Pump, Nr. AEC Cross Roads, Naranpura",GUJAH102896,Paid,PRCOIPAZ25143,12143,4013760000,Mixed Development,12143,4013760000,PR/GJ/AHMEDABAD/AHMEDABAD CITY/AUDA/MAA08765/140721,Indraprasth Saptak,Ahmedabad,2025-03-31 00:00:00, , ,PR/AHMEDABAD/AHMEDABAD CITY/GUJRERA/210525/010935,2021-04-01,2025-03-31,2021-05-07 17:56:40,malav@deepgroup1980.com,New,DEEP BUILDERS,2021-07-14,"10th Floor President House Opp. C.N. Vidyalaya, Ambawadi"
Gandhinagar,0,3573200000,"Block No 51, Road 5E Zone 5, GIFT CITY",U70109DL2007PTC162288,SAVED,PRCF20PUZ7978,978,5573120000,Commercial,978,5573120000,PR/GJ/GANDHINAGAR/GANDHINAGAR/Others/CAA00788/EX1/180923,"WTC GIFT  Tower A, B & D",Gandhinagar,2023-06-30 00:00:00,2024-06-30 00:00:00, ,PR/GANDHINAGAR/GANDHINAGAR/GANDHINAGAR TPO/170801/001238,2015-11-09,2024-06-30,2017-08-01 00:00:00,rera.wtcgiftabd@gmail.com,Ongoing,WTC Noida Development Company Pvt Ltd,2017-11-21,"GF - 09, Plaza M-6 Jasola District Centre South Delhi"
Ahmedabad,243850,3569650000,"Venus Ground, Opp Jhansi Rani Statue,  Nehrunagar, Satellite",U45201GJ2002PTC040945,Paid,PRCAC2C7N3477,5477,3569650000,Commercial,5477,3569650000,PR/GJ/AHMEDABAD/AHMEDABAD CITY/AUDA/CAA02224/A1C/041120,Stratum @ Venus Ground,Ahmedabad,2023-09-30 00:00:00, , ,PR/AHMEDABAD/AHMEDABAD CITY/AHMEDABAD TPO/180221/004690,2017-04-11,2023-09-30,2018-02-21 18:57:00,rera@venusinfrastructure.com,New,Venus Infrastructure and Developers Private Limited,2018-04-02,"1101, VENUS AMADEUS, Jodhpur Crossroad,Satellite,"
Ahmedabad,387651,3554410000,"SKYCITY, NEAR CLUB 07,S.P.RING ROAD BLOCK NOS.215,251,305,306,F.P NO. 21,TP SCHME NO . 1(SHELA)",AAB5357,Paid,PRCAU3GHL6833,16833,3554410000,Residential/Group Housing,19632,3554410000,PR/GJ/AHMEDABAD/SANAND/AUDA/RAA12709/161123,RIVIERA PALACIO,Ahmedabad,2026-02-16 00:00:00, , ,PR/AHMEDABAD/SANAND/GUJRERA/230925/015449,2023-08-28,2029-12-31,2023-09-15 13:59:36,rivierasprings.rera@gmail.com,New,SAFAL GOYAL REALTY LLP,2023-11-16,"GOYAL HOUSE, OPP KARNAVATI CLUB S G HIGHWAY"
Surat,337050,3482960000,"Final Plot No. 38/B, Block No.38, T.P. Scheme No. 61,  Next to SMC party Plot, Puna Godadara Road",GUJSR100348,Paid,PRCKFU7J83101,4101,3482960000,Commercial,4101,3482960000,PR/GJ/SURAT/SURAT CITY/SUDA/CAA01291/A1C/EX1/290922,INTERNATIONAL TEXTILE MARKET,Surat,2022-06-30 00:00:00,2023-06-30 00:00:00, ,PR/SURAT/SURAT CITY/SUDA/170930/003447,2016-09-01,2023-06-30,2017-09-30 00:00:00,itfinfra05@gmail.com,Ongoing,I T M INFRA,2018-01-11,"Block No. 38, T.P 61 (Parvat Godadra),  Puna Godadra Road, Parvat"
Gandhinagar,825049,3477750000,"Near Ananya School, Opp Suryan Home Town, 100 Ft TP Road, New Chandkheda",AAR5691,Paid,PRCK6678U5708,13708,3477750000,Commercial,13708,3477750000,PR/GJ/GANDHINAGAR/GANDHINAGAR/Others/CAA09858/250222,ATM MALL / ATM COLIVING I & II (Service Apartment),Gandhinagar,2028-12-31 00:00:00, , ,PR/GANDHINAGAR/GANDHINAGAR/GUJRERA/220204/012389,2022-01-19,2028-12-31,2022-01-27 17:43:28,atmilyfllp@gmail.com,New,ATM ILYF LLP,2022-02-25,"Nr. Kautilya 99, Survey No. 170, TP 133, Tragad, Ahmedabad"
Surat,619529,3395660000,"T.P.S.NO .-4(UMRA-SOUTH),BLOCK NO-146/1 & 144/3, F.P.NO.-106, O.P.NO.-19/1,AT- SURAT",AAF6381,Paid,PRCKMIDZW6407,15407,3395660000,Commercial,18408,3395660000,PR/GJ/SURAT/SURAT CITY/SUDA/CAA11384/040323,AASHIRWAD HIGH STREET ,Surat,2027-12-31 00:00:00, , ,PR/SURAT/SURAT CITY/GUJRERA/230131/014027,2022-04-01,2025-03-31,2023-01-25 20:30:24,westerngroup00000@gmail.com,New,SHAKTI ORGANISERS LLP,2023-03-04,"1003/1004, TURNING POINT COMPLEX, GHOD DOD ROAD, SURAT-395007"
Ahmedabad,258575,3380000000,"ICONIC SHYAMAL, Shyamal Cross Road Junction, Shyamal, Ahmedabad", ,Paid,PRCM5G03V4202,8202,3426150000,Commercial,8202,3426150000,PR/GJ/AHMEDABAD/AHMEDABAD CITY/AUDA/CAA05385/040519,ICONIC SHYAMAL,Ahmedabad,2022-09-30 00:00:00, , ,PR/AHMEDABAD/AHMEDABAD CITY/AHMEDABAD TPO/190424/007255,2019-04-08,2022-09-30,2019-04-17 18:45:42,prathamheights75@gmail.com,New,BAJRANG DEVELOPERS,2019-05-04,
Ahmedabad,448958,3361770000,"Sky Ville, Near Club O7 , Shela Road, Sanand, Ahmedabad",U45200GJ2006PTC048571,Paid,PRC7DZH1S4967,9967,3361770000,Residential/Group Housing,9967,3361770000,PR/GJ/AHMEDABAD/AHMEDABAD CITY/AUDA/RAA07053/280520,SkyVille,Ahmedabad,2024-07-16 00:00:00, , ,PR/AHMEDABAD/AHMEDABAD CITY/AUDA/200225/008955,2020-01-09,2024-07-16,2020-02-19 20:30:34,skyvillerera@gmail.com,New,West Wing Infrastructures Private Limited,2020-05-28,"Ground Floor, Shop No. 9, Samatva Complex, Near Club O7, S.P.Ring Road, Shela, Ahmedabad"
Surat,167110,3360130000,"New R.S. No. 80,81/1,84/3, Moje Vesu, Taluka Majura, District Surat TP-2 (Vesu-Bharthana-Vesu) FP. No.52+54, Near Rajhans Cosmic, Canal Road, Vesu, Surat",U70102GJ2010PTC059951,Paid,PRC2OAI7Q3764,5764,3360130000,Residential/Group Housing,5764,3360130000,PR/GJ/SURAT/SURAT CITY/SUDA/RAA03579/A2R/EX1/060521,RAJHANS ROYALTON,Surat,2021-02-15 00:00:00,2022-02-15 00:00:00, ,PR/SURAT/SURAT CITY/SUDA/180419/004902,2017-12-18,2022-02-15,2018-04-19 16:18:28,rajhans.golflink@gmail.com,New,RAJHANS INFRACON (INDIA) PRIVATE LIMITED,2018-10-04,"Rajhans Empire, Beside Le Meridien Hotel, Near Airport Dumas Road, Surat"
Surat,412189,3348620000,"Rajhans Cremona, Behind C.B. Patel Club House, VIP Road, Vesu, Surat",U15490GJ2011PTC066906,Paid,PRCJIZ5625168,12168,3348620000,Residential/Group Housing,12168,3348620000,PR/GJ/SURAT/SURAT CITY/SUDA/RAA08688/290621,RAJHANS CREMONA,Surat,2025-03-31 00:00:00, , ,PR/SURAT/SURAT CITY/GUJRERA/210526/010952,2021-05-07,2025-03-31,2021-05-08 20:13:18,rajhans.zoristta@gmail.com,New,RAJHANS NUTRIMENTS PRIVATE LIMITED,2021-06-29,"Rajhans Empire, Beside Le Meridien Hotel, Near Airport Dumas Road, Surat"
Ahmedabad,409290,3340600000,"Plot No.15, N. D. Avenue, Opp. Vishwanath Sarathya, VIP Road, Shela,",PII/GRDW/10000/0270707(GURUDWARA),Paid,PRIF7GLU16061,14061,3340600000,Mixed Development,17230,3340600000,PR/GJ/AHMEDABAD/SANAND/AUDA/MAA10293/A1M/140323,Vishwanath Sarathya West,Ahmedabad,2025-06-30 00:00:00, , ,PR/AHMEDABAD/SANAND/GUJRERA/220425/012721,2022-03-29,2026-12-31,2022-04-02 18:52:34,tejas@vishwanathbuilders.com,New,Vishwanath Builders through Prop Hitesh R Vyas,2022-06-08,"Block L, Mondeal Retail Park, Nr Rajpath Club Bodakdev"
Ahmedabad,500000,3300800000,Chekhla-Vasanjada Sanand Kalol Highway,U70109GJ2004PTC043888,Paid,PRCFUSLE73925,3925,3222570000,Residential/Group Housing,3925,3222570000,PR/GJ/AHMEDABAD/SANAND/AUDA/RAA00986/EX4/A1R/260523,THE OTHERSIDE,Ahmedabad,2019-12-31 00:00:00,2023-12-31 00:00:00, ,PR/AHMEDABAD/SANAND/AHMEDABAD TPO/170929/003280,2010-10-01,2023-12-31,2017-09-29 00:00:00,info@shantikrupa.com,Ongoing,SHANTIKRUPA ESTATES PRIVATE LIMITED,2017-12-12,"901, MILESTONE BLDG DRIVE IN ROAD, THALTEJ"
Surat,123290,3294350000,"T.P. SCHEME NO. 5 (VESU-BHIMRAD) BLOCK NO. 181/2, 152/1 O.P. NO. 68,70 F.P. NO. 68+70/1, AT- SURAT",AAJ3452,Paid,PRCEJHX4O4747,7747,3294350000,Residential/Group Housing,7747,3294350000,PR/GJ/SURAT/SURAT CITY/SUDA/RAA04942/A1R/310523,OFIRA PEAK,Surat,2024-10-30 00:00:00, , ,PR/SURAT/SURAT CITY/GANDHINAGAR TPO/190218/006803,2018-11-12,2024-10-30,2019-02-09 15:38:06,unitech@pradeepsinghi.com,New,AVANTIS UNITECH LLP,2019-02-28,"SHOP S-7,SECOND FL  VIP PLAZA , NEAR SHYAM TEMPLE"
Ahmedabad,391650,3256330000,"Bopal - Ghuma BRTS Road Opp BPCL Petrol Pump, Bopal",GUJAH100889,Paid,PRCWMMXT63915,6915,3256330000,Commercial,6915,3256330000,PR/GJ/AHMEDABAD/AHMEDABAD CITY/AUDA/CAA03537/A3C/280721,The Retail Park,Ahmedabad,2023-12-30 00:00:00, , ,PR/AHMEDABAD/AHMEDABAD CITY/AHMEDABAD TPO/180823/005996,2018-06-28,2023-12-30,2018-08-23 13:10:48,accounts@theretailpark.in,New,R S PROCON,2018-09-29,"1301-1302, Titanium One Near Rajpath Club, Bodakdev, Ahmedabad"
Ahmedabad,597979,3253030000,panjarapole cross roads  panjarapole,AAJ7274,Paid,PRCDS301Z4156,10156,3253030000,Mixed Development,10156,3253030000,PR/GJ/AHMEDABAD/AHMEDABAD CITY/AUDA/CAA07151/A1M/240321,SHIVALIK SHARDA HARMONY,Ahmedabad,2024-09-30 00:00:00, , ,PR/AHMEDABAD/AHMEDABAD CITY/GANDHINAGAR TPO/200505/009132,2020-03-20,2024-09-30,2020-05-02 21:46:27,design@shivalikgroup.com,New,SHIVALIK PARAM STRUCTURES LLP,2020-06-17,shivalik group  b/s satellite police station 
Ahmedabad,128180,3202980000,"NR. AHMEDABAD ONE MALL, VASTRAPUR VASTRAPUR",AAB8774,Paid,PRCGPE5643104,2104,3202980000,Residential/Group Housing,2104,3202980000,PR/GJ/AHMEDABAD/AHMADABAD CITY/AUDA/RAA00169/A2R/EX1/170822,Sheetal Westpark Residency,Ahmedabad,2022-06-30 00:00:00,2022-09-30 00:00:00, ,PR/AHMEDABAD/AHMADABAD CITY/AUDA/170831/001750,2017-08-01,2022-09-30,2017-08-31 00:00:00,accounts@sheetalinfra.com,New,MAHIKA INFRA LLP,2017-09-18,"25,4TH FLOOR, SHUKAN MALL NR. RAJASTHAN HOSPITAL, SHAHIBAUG, AHMEDABAD"
Surat,1000000,3183280000,"RRTM, B/H Bharat Cancer Hospital,Saroli Surat",U45202MH2009PTC197319,Paid,PRIUCSPI73943,3943,4056060000,Commercial,3943,4056060000,PR/GJ/SURAT/SURAT CITY/SUDA/CAA01590/A1C/190922,Radha Raman Textile Market Phase 2,Surat,2026-06-30 00:00:00, , ,PR/SURAT/SURAT CITY/SUDA/170930/003276,2013-10-05,2026-06-30,2017-09-30 00:00:00,dmdauravesu1@gmail.com,Ongoing,DMD DEVELOPERS PRIVATE LIMITED,2018-02-09,"A 16-21, RRTM B/H Bharat Cancer Hospital, Saroli"
Surat,456179,3166170000,"Rajhans Kronis, Opposite CB Patel Health Club, VIP Road, Vesu, Surat",U70102GJ2010PTC059951,Paid,PRCS1NZP66984,15984,3166170000,Residential/Group Housing,18945,3166170000,PR/GJ/SURAT/SURAT CITY/SUDA/RAA11979/200623,RAJHANS KRONIS,Surat,2025-12-31 00:00:00, , ,PR/SURAT/SURAT CITY/GUJRERA/230504/014594R1,2023-04-21,2028-12-31,2023-04-29 14:33:58,rajhans.golflink@gmail.com,New,RAJHANS INFRACON (INDIA) PRIVATE LIMITED,2023-06-20,"Rajhans Empire, Beside Le Meridien Hotel, Near Airport Dumas Road, Surat"
Ahmedabad,396120,3118660000,"Plot NO:3, N.D.Avenue Op. Club O7",PII/MKR/10099/0277058(MAKARBA),SAVED,PRIPQG5N07508,12508,3118660000,Residential/Group Housing,12508,3118660000,PR/GJ/AHMEDABAD/SANAND/AUDA/RAA08927/210821,Maher Select,Ahmedabad,2025-08-31 00:00:00, , ,PR/AHMEDABAD/SANAND/GUJRERA/210715/011240,2021-05-18,2025-08-31,2021-07-09 11:06:56,dushyantpandya1965@gmail.com,New,Dushyant  M. Pandya self and sole proprietor of M/s. Vishwanath Buildcon ,2021-08-21,"B-701, Block-B, Inceptum,  Opp. Hotel Planet Landmark, Makarba"
Ahmedabad,808275,3098300000,"Behind Kalibari Temple, Opp Iscon Platinum Off Rajpath Road, Ambli",AAQ3039,Paid,PRCU3SRIE5729,12729,3098300000,Mixed Development,12729,3098300000,PR/GJ/AHMEDABAD/AHMEDABAD CITY/AUDA/MAA09198/181021,Indraprasth Shivanta,Ahmedabad,2026-03-31 00:00:00, , ,PR/AHMEDABAD/AHMEDABAD CITY/GUJRERA/210913/011460,2021-08-05,2026-03-31,2021-08-19 12:13:56,shivanta@deepgroup1980.com,New,DEEP INFRAPROJECTS LLP,2021-10-18,"10th Floor President House Opp CN Vidyalaya, Ambawadi"
Ahmedabad,386042,3088990000,"Swati Parkside, Applewoods Township  Near Shantipura Cross Road",AAK1818,Paid,PRCRIYPDS4983,9983,3088990000,Residential/Group Housing,9983,3088990000,PR/GJ/AHMEDABAD/AHMEDABAD CITY/AUDA/RAA06978/A2R/310523,Swati Parkside,Ahmedabad,2025-06-30 00:00:00, , ,PR/AHMEDABAD/AHMEDABAD CITY/AHMEDABAD TPO/200303/008967,2019-10-22,2025-06-30,2020-02-21 17:01:44,swatiprocon@gmail.com,New,SWATISANDHYA PROCON LLP,2020-05-11,"1104-1105, 11TH FLOOR, SIGNATURE-1, NR. MERCEDES SHOWROOM, SURVEY NO. 841/1/2/10, PLOT NO. 287/276, S.G. HIGHWAY"
Ahmedabad,879894,3086850000,"Sun Atmosphere, Opp Club O'7,  Shela",GUJAH101839,Paid,PRCKBBPSJ5927,10927,3086850000,Mixed Development,10927,3086850000,PR/GJ/AHMEDABAD/AHMEDABAD CITY/AUDA/MAA07770/141220,Sun Atmosphere,Ahmedabad,2024-07-31 00:00:00, , ,PR/AHMEDABAD/AHMEDABAD CITY/AHMEDABAD TPO/201107/009850,2020-10-23,2024-07-31,2020-11-02 11:58:29,sunatmosphere20@gmail.com,New,SUN REALTY,2020-12-14,"Sun Builders Group, Nr Saket 3, Sindhu Bhavan Road Bodakdev"
Ahmedabad,1000000,3035230000,"Bharat Bobin Mill Compound,  Near Ajit Mill Char Rasta,",AAC2887,Paid,PRC1GAJC13389,389,3035230000,Commercial,389,3035230000,PR/GJ/AHMEDABAD/AHMADABAD CITY/AUDA/CAA00003/210817,Sumel-8,Ahmedabad,2018-12-31 00:00:00, , ,PR/AHMEDABAD/AHMADABAD CITY/AUDA/170729/000237,2015-01-27,2018-12-31,2017-07-29 00:00:00,sumel8.rera@hnsafal.com,Ongoing,HN SAFAL REALTECH LLP,2017-08-21,"10th Floor, Safal Profitaire, Corporate Road, Prahladnagar"
Surat,283190,3030080000,"TP-75, FP-35, B/H AGRAWAL SCHOOL,  NR. BLOSSOM, VESU ROAD, SURAT",GUJSRT172137,Paid,PRCUOJ4O13332,1332,3030060000,Residential/Group Housing,1332,3030060000,PR/GJ/SURAT/SURAT CITY/SUDA/RAA00205/210917,CELEBRITY GREENS,Surat,2019-01-29 00:00:00, , ,PR/SURAT/SURAT CITY/SURAT TPO/170731/001090,2015-12-15,2019-01-29,2017-07-31 00:00:00,celebritygreen@sutarwala.in,Ongoing,HAPPY HOME CORPORATION,2017-09-21,"Shantiniketan, 1st Floor, Near S.D.Jain School, University Airport Road, Vesu Cross Road"
Vadodara,643510,2997000000,"SORRENTO ROSETTE, NEAR SAPTAK ROSETTE, 30M CANAL ROAD BHAYLI TP3, VASNA BHAYLI ROAD",ABB9059,Paid,PRCD6BYKB6208,16208,2908760000,Mixed Development,19148,2908760000,PR/GJ/VADODARA/VADODARA/Others/MAA12311/250923,SORRENTO ROSETTE,Vadodara,2027-10-01 00:00:00, , ,PR/VADODARA/VADODARA/GUJRERA/230615/014819,2023-05-01,2029-12-31,2023-06-12 15:32:45,sorrento.rosette@gmail.com,New,AVKAR BUILDTECH LLP,2023-09-25,"SR NO. 381, OPEN PLOT,  B/S SAPTAK ROSETTE WAVES CLUB LANE, BHAILY"
Surat,620610,2974580000,"T.P.S. No. 06( PIPLOD), F.P. No.01,O.P. No.01,R.S.No.77,78/A, Paikee Sub Plot No.B Opp. Ramvatika Party Plot,Rundh Jakatnaka, Piplod, SURAT-DUMAS ROAD",NOT APPLICABLE,Paid,PRC3WZWEI3068,5068,3060070000,Residential/Group Housing,5068,3060070000,PR/GJ/SURAT/SURAT CITY/SUDA/RAA01393/EX2/A1R/200922,ELYSIUM AVENUE		,Surat,2021-06-30 00:00:00,2023-05-31 00:00:00, ,PR/SURAT/SURAT CITY/SUDA/171228/004305,2014-04-16,2023-05-31,2017-12-28 16:17:30,dminfrasurat@gmail.com,Ongoing,D & M INFRA,2018-01-22,"T.P.S. No. 06( PIPLOD), F.P. No.01,O.P. No.01,R.S.No.77,78/A, Paikee Sub Plot No.B Opp. Ramvatika Party Plot,Rundh Jakatnaka, Piplod, "
Gandhinagar,453280,2972600000,"at Village Karoli, Jethalaj, Near Khatraj Cross Road, Near Arvind Limited Village : Jethalaj, Taluko: Kalol",L17119GJ1931PLC000093,SAVED,PRCOTK2Q27618,9618,2972570000,Residential/Group Housing,9618,2972570000,PR/GJ/GANDHINAGAR/GANDHINAGAR/AUDA/RAA06788/A4R/161123,Forreste,Gandhinagar,2025-06-30 00:00:00, , ,PR/GANDHINAGAR/GANDHINAGAR/AUDA/200102/008622,2019-11-01,2025-06-30,2019-12-17 19:03:55,saurabh.shah@arvind.in,New,ARVIND LIMITED,2020-02-14,"24, Government Servant's Society, Nr. Municipal Market, Off C. G. Road, Navrangpura, Ahmedabad"
Vadodara,334524,2968880000,"Survi Pristine, Opp. Banker's Heart Hospital,  Tulsidham - Jupiter Road, Manjalpur, Vadodara, Gujarat-390011.",AAZ6167,Paid,PRCJTDTVE6567,14567,2968880000,Mixed Development,17670,2968880000,PR/GJ/VADODARA/VADODARA/Others/MAA10716/300922,Survi Pristine,Vadodara,2025-06-30 00:00:00, , ,PR/VADODARA/VADODARA/GUJRERA/220823/013210,2022-03-31,2027-12-31,2022-07-29 18:36:58,anant@survigroup.com,New,SURVI INFRASPACE LLP,2022-09-30,"Office No. 9, 3rd Floor, Nathdwara Avenue Waghodia Dabhoi Ring Road, Vadodara, Gujarat-390017."
Ahmedabad,228125,2960000000,"The First Avenue, Beside Keshavbaug Party Plot, Vastrapur, Ahmedabad-380015.",GUJAMS40659,Paid,PRCMUB5K13312,312,2321190000,Commercial,312,2321190000,PR/GJ/AHMEDABAD/AHMADABAD CITY/AUDA/CAA00045/010917,THE FIRST,Ahmedabad,2019-03-31 00:00:00, , ,PR/AHMEDABAD/AHMADABAD CITY/AHMEDABAD TPO/170725/000177,2015-03-02,2019-03-31,2017-07-25 00:00:00,thefirstrera@gmail.com,Ongoing,Synthesis Corporation,2017-09-01,"B-701, Safal Pegasus, Nr. Auda Garden, Prahladnagar, Ahmedabad-380015."
Ahmedabad,163900,2953170000,"Opp. Shaligram Tower, Near Jhansi ki Rani Statue Nehru Nagar Towards shivranjani Road",AAC6286,Paid,PRCW310E73961,3961,2953170000,Residential/Group Housing,3961,2953170000,PR/GJ/AHMEDABAD/AHMEDABAD CITY/AUDA/RAA00874/A1R/EX1/010621,Cloud 9,Ahmedabad,2021-06-30 00:00:00,2022-06-30 00:00:00, ,PR/AHMEDABAD/AHMADABAD CITY/AUDA/170929/003293,2016-09-17,2022-06-30,2017-09-29 00:00:00,accounts@cloud9infra.in,Ongoing,CLOUD 9 INFRASPACE LLP,2017-11-30,"""CLOUD 9"", Opp. Shaligram Tower, Nr. Jhansi Ki Rani Statue, Nehru Nagar"
Surat,237660,2940970000,"134 INFRA, Casa Rivera T.P.14, F.P. 134/B, Beside Rajhans Elita, Pal-Hazira Road",AAL 4267,Paid,PRCZ1TMDB3516,4516,2940970000,Residential/Group Housing,4516,2940970000,PR/GJ/SURAT/SURAT CITY/SUDA/RAA00853/EX3/EX2/130623,CASA RIVERA,Surat,2022-03-30 00:00:00,2024-03-29 00:00:00, ,PR/SURAT/SURAT CITY/SUDA/171027/003838,2017-05-01,2024-03-29,2017-10-27 18:30:07,134pal@gmail.com,Ongoing,134 INFRA LLP,2017-11-29,"CASA RIVERA, T.P.14, F.P. 134/B, Beside Rajhans Elita, Pal- Hazira Road"
Gandhinagar,24560,2930020000,VILLAGE DANTALI SHANTIGRAM TOWNSHIP ,U45200GJ2005PTC047086,Paid,PRCFYEVAV6384,15384,2930030000,Residential/Group Housing,18385,2930030000,PR/GJ/GANDHINAGAR/GANDHINAGAR/AUDA/RAA11300/020323, The West Park,Gandhinagar,2025-12-30 00:00:00, , ,PR/GANDHINAGAR/GANDHINAGAR/GUJRERA/230113/014008,2022-12-28,2027-12-31,2023-01-10 17:31:47,augusta@adani.com,New,ADANI ESTATE MANAGEMENT PRIVATE LIMITED,2023-03-02,"ADANI HOUSE,NR. MITHKHALI SIX ROADS NAVRANGPURA"
Gandhinagar,575065,2927520000,GIFT SEZ AT GIFT CITY BLOCK-ID 16-E BLOCK - 16 ZONE-1,AAY5124,Paid,PRCHLAGET6720,14720,2927520000,Mixed Development,17798,2927520000,PR/GJ/GANDHINAGAR/GANDHINAGAR/Others/MAA11100/301222,MARINA,Gandhinagar,2026-03-31 00:00:00, , ,PR/GANDHINAGAR/GANDHINAGAR/GUJRERA/221226/013940,2022-12-20,2027-12-31,2022-12-25 12:10:14,rera.marina@savvygroup.in,New,SAVVY ATS REALTY LLP,2022-12-30,"B-900, SHAPATH-4, OPP: KARNAVATI CLUB, S. G. ROAD, AHMEDABAD"
Ahmedabad,908100,2900600000,"The Canvas, Near Sanskardham South Bopal Extension",AAV7282,Paid,PRCUJQYJR5551,13551,2900600000,Mixed Development,13551,2900600000,PR/GJ/AHMEDABAD/SANAND/AUDA/MAA09626/A1M/080422,The Canvas ,Ahmedabad,2025-12-31 00:00:00, , ,PR/AHMEDABAD/SANAND/GUJRERA/211227/012237,2022-01-01,2025-12-31,2021-12-26 15:03:46,kavishaatria@gmail.com,New,KAVISHA ATRIA LLP,2021-12-31,"Kavisha Corporate Campus S P Ring Road, Ambli"
Ahmedabad,447549,2897960000,"Mondeal Two, F.P.No.-66, Nr. Antriksh Colony BRTS Stop, Beside Double Tree Hilton Hotel, Ambli Road,",U45205GJ2015PTC083783,SAVED,PRCHA4ONX7084,16135,2897960000,Commercial,19084,2897960000,PR/GJ/AHMEDABAD/AHMEDABAD CITY/AUDA/CAA12151/170823,MONDEAL TWO,Ahmedabad,2027-03-31 00:00:00, , ,PR/AHMEDABAD/AHMEDABAD CITY/GUJRERA/230529/014750,2023-04-05,2028-12-31,2023-05-18 17:01:33,mondeal2.rera@gmail.com,New,HN SAFAL INFRA DEVELOPERS PRIVATE LIMITED,2023-08-17,"HN SAFAL HOUSE, BESIDE CIRCLE P COMPLEX, S.G. HIGHWAY, PRAHLADNAGAR"
Ahmedabad,910156,2892450000,"Kavisha Portrait, Nr. Club 07  150 feet Road, Shela",AAX3168,SAVED,PRCLM1WE87662,16900,3903270000,Mixed Development,19662,3903270000,PR/GJ/AHMEDABAD/SANAND/AUDA/MAA12621/101123,Kavisha The Portrait ,Ahmedabad,2028-03-31 00:00:00, , ,PR/AHMEDABAD/SANAND/GUJRERA/231021/015515,2023-09-01,2027-12-31,2023-09-30 19:26:48,kavishareraaer@gmail.com,New,KAVISHA AER LLP,2023-11-10,"Kavisha Corporate Campus S P Ring Road, Ambli"
Ahmedabad,184665,2880430000,FP NO 92 2 R S NO 503A 510 515A 529 530 TPS NO 53A,AAK1818,Paid,PRCOREJPM3386,5386,2880430000,Mixed Development,5386,2880430000,PR/GJ/AHMEDABAD/AHMEDABAD CITY/AUDA/MAA01884/060318,Swati Crimson and Clover,Ahmedabad,2021-07-24 00:00:00, , ,PR/AHMEDABAD/AHMEDABAD CITY/AHMEDABAD TPO/180207/004581,2018-01-24,2021-07-24,2018-02-07 15:33:55,swatiprocon@gmail.com,New,SWATISANDHYA PROCON LLP,2018-03-06,"1104-1105, 11TH FLOOR, SIGNATURE-1, NR. MERCEDES SHOWROOM, SURVEY NO. 841/1/2/10, PLOT NO. 287/276, S.G. HIGHWAY"
Gandhinagar,700000,2861640000,BHADAJ DENTAL COLLEGE ROAD NEAR SCIENCE CITY,U45201GJ2008PTC055562,Paid,PRCCTIFP03198,198,2651800000,Mixed Development,198,2651800000,PR/GJ/GANDHINAGAR/KALOL/AUDA/MAA00023/EX1/100119,SUPER CITY PHASE 1,Gandhinagar,2018-11-30 00:00:00,2019-05-31 00:00:00, ,PR/GANDHINAGAR/KALOL/AUDA/170720/000112,2014-11-30,2019-05-31,2017-07-20 00:00:00,supercity.luxuria2@gmail.com,Ongoing,SHRINIVAS ORGANISORS PRIVATE LIMITED,2017-08-29,F P NO 23/1 23/5 BHADAJ SUPERCITY ROAD BHADAJ CIRCLE S P RING ROAD BHADAJ
Ahmedabad,903899,2854990000,"Money Plant High Street, land Survey no.208 A, Near- BSNL Office, Jagatpur - Raod, S.G. Road, Ahmedabad",GUJAH102021,Paid,PRC03B2OP5206,11206,2854990000,Commercial,11206,2854990000,PR/GJ/AHMEDABAD/AHMEDABAD CITY/AUDA/CAA08108/A1C/220923,MONEY PLANT HIGH STREET,Ahmedabad,2025-10-15 00:00:00, , ,PR/AHMEDABAD/AHMEDABAD CITY/AHMEDABAD TPO/210112/010145,2020-11-06,2025-10-15,2021-01-02 14:06:32,contactmoneyplant2@gmail.com,New,V SQUARE PROJECTS-JAGATPUR,2021-02-24,"land survey no – 208/A, Opp. Elephant Tample, Near – BSNL Office, Jagatpur Road, S. G. Highway, Jagatpur"
Ahmedabad,298282,2853330000,"Aravalli by Ratnaakar,Applewoods Township Shantipura Cross Road ,Sardar Patel Ring Road",U45205GJ2016PTC086500,Paid,PRCHZ4FER4930,9930,2853330000,Residential/Group Housing,9930,2853330000,PR/GJ/AHMEDABAD/SANAND/AUDA/RAA06968/060520,Aravalli by Ratnaakar,Ahmedabad,2026-06-30 00:00:00, , ,PR/AHMEDABAD/SANAND/AUDA/200220/008911,2020-02-01,2026-06-30,2020-02-10 13:25:15,aravalli.rera@ratnaakar.com,New,Ratnaakar Infratech Private Limited,2020-05-06,"801-802, Regency Plaza, Opp. Rahul Tower Nr. Anandnagar Cross Road, Satellite"
Ahmedabad,843992,2849820000,"SHILP REVANTA, NR CLUB O7 SHELA",AAR1256,Paid,PRCMRD88N5124,11124,2849820000,Mixed Development,11124,2849820000,PR/GJ/AHMEDABAD/SANAND/AUDA/MAA07874/050121,SHILP REVANTA,Ahmedabad,2024-12-31 00:00:00, , ,PR/AHMEDABAD/SANAND/AHMEDABAD TPO/201217/010054,2020-10-28,2024-12-31,2020-12-08 16:26:10,rera.shilpananta@gmail.com,New,AYB BUILDCON LLP,2021-01-05,"204/A, SHILP-3, NEAR MANN PARTY PLOT SINDHU BHAVAN ROAD, BODEKDEV, "
Ahmedabad,438200,2849170000,"OMEX MILL COMPOUND NEW GUJARAT SYNTHETIC NO:3, SARANGPUR",AAI2554,Paid,PRCX1CZ2C3578,4578,2849170000,Commercial,4578,2849170000,PR/GJ/AHMEDABAD/AHMEDABAD CITY/AUDA/CAA01141/EX1/A1C/191220,ISCON COMMERCIAL COMPLEX,Ahmedabad,2019-12-31 00:00:00,2020-12-31 00:00:00, ,PR/AHMEDABAD/AHMEDABAD CITY/AHMEDABAD TPO/171031/003901,2016-07-15,2021-06-30,2017-10-31 18:27:39,isconcommercialrera2022@gmail.com,Ongoing,ISCON COMMERCIAL COMPLEX PHASE-II,2017-12-29,"ISCON HOUSE, B/H REMBRANDT BUILDING, OPP.  ASSOCIATED PETROL PUMP, OFF C.G. ROAD"
Ahmedabad,234050,2823590000,"Times Square Grand, Plot No. 53, Nr. Sindhu Bhavan, Opp. Goga Maharaj Mandir, Sindhu Bhavan Road, Thaltej, Ahmedabad - 380059",AAJ8459,Paid,PRCRE61754831,8831,3494520000,Commercial,8831,3494520000,PR/GJ/AHMEDABAD/AHMEDABAD CITY/AUDA/CAA05982/300819,Times Square Grand,Ahmedabad,2024-10-30 00:00:00, , ,PR/AHMEDABAD/AHMEDABAD CITY/AHMEDABAD TPO/190802/007851,2018-11-01,2024-10-30,2019-07-22 20:00:00,timessquare03@gmail.com,New,SHREENATHJI INFRA SPACE LLP,2019-08-30,"Times Square Grand, Final Plot No. 53, Nr. Sindhu Bhavan, Opp. Goga Maharaj Mandir, Sindhu Bhavan Road, Thaltej, Ahmedabad - 380059"
Surat,343200,2808600000,"T.P.31 GAVIYAR MAGDALLA,F.P.63/1+62/2/2 TA- CHORASI,SURAT",GUJSR10958,Paid,PRCZWWDNE3750,4750,2251140000,Commercial,4750,2251140000,PR/GJ/SURAT/CHORASI/SUDA/CAA03546/290918,UNITED CITY,Surat,2023-05-15 00:00:00, , ,PR/SURAT/CHORASI/SUDA/171120/004029,2017-11-15,2023-05-15,2017-11-20 17:57:06,admin@unitedcity.in,New,RADHE BUILDSPACE LLP,2018-09-29,"D-1007,ASHIRWAD PALACE,BHATAR ROAD NEAR JIVKORNAGAR,BHATAR SURAT CITY"
Ahmedabad,229531,2805440000,"‘AYAAN’,  Plot bearing 151/2 Final Plot no : 131+132/2 P,O P NO.151/2, TPS No:51 OPP. SWATI RESTAURANT, AMBALI",AAS8615,Paid,PRCMV87RI5050,13050,2805440000,Residential/Group Housing,13050,2805440000,PR/GJ/AHMEDABAD/AHMEDABAD CITY/AUDA/RAA09268/301021,AYAAN,Ahmedabad,2025-12-31 00:00:00, , ,PR/AHMEDABAD/AHMEDABAD CITY/GUJRERA/211007/011740,2021-09-15,2025-12-31,2021-10-04 19:14:15,pivrera@gmail.com,New,PIV REALTY LLP,2021-10-30,"13, Moonlight Complex Opp. Gurukul Temple, Drive in Road"
Gandhinagar,314600,2775690000,"SWAGAT TWINCITY HIGHSTREET, NR. ASHKA HOSPITAL NR. SARGASAN CROSS ROAD, GANDHINAGAR.",GUJ/AMS/36154,Paid,PRC05WH5Y4369,8369,2697750000,Mixed Development,8369,2697750000,PR/GJ/GANDHINAGAR/GANDHINAGAR/Others/CAA05578/A1M/220222,SWAGAT TWINCITY HIGHSTREET,Gandhinagar,2027-10-30 00:00:00, , ,PR/GANDHINAGAR/GANDHINAGAR/GANDHINAGAR TPO/190517/007410,2019-04-22,2027-10-30,2019-05-10 12:48:39,swagatdevelopers.rera@gmail.com,New,SWAGAT DEVELOPERS,2019-06-19,"307-308, Sarthik Square, Nr. GNFC Info Tower, S. G.Highway,  Bodakdev,, Ahmedabad, Gujarat 380054"
Ahmedabad,631264,2761710000,SANATHAL CROSS ROAD AHMEDABAD,U70100GJ1994PTC023863,Paid,PRCY5BKI76043,16043,2761710000,Mixed Development,18998,2761710000,PR/GJ/AHMEDABAD/AHMEDABAD CITY/AUDA/MAA12019/280623,ORCHID GOLD,Ahmedabad,2027-12-31 00:00:00, , ,PR/AHMEDABAD/AHMEDABAD CITY/GUJRERA/230519/014656,2023-04-10,2029-03-31,2023-05-09 18:35:15,orchidgold.rera1@gmail.com,New,GALAXY REAL ESTATE DEVELOPERS GUJ PRIVATE LIMITED,2023-06-28,"GOYAL HOUSE,OPP KARNAVATI CLUB S G HIGHWAY"
Ahmedabad,297425,2757600000,"ONE42, Off Ambli Road Ambli",AAC5610,Paid,PRC56W7313475,475,2757700000,Commercial,475,2757700000,PR/GJ/AHMEDABAD/AHMADABAD CITY/AUDA/CAA00002/210817,ONE42,Ahmedabad,2021-05-01 00:00:00, , ,PR/AHMEDABAD/AHMADABAD CITY/AHMEDABAD TPO/170728/000291,2017-04-28,2021-05-01,2017-07-28 00:00:00,one42farpoint@gmail.com,Ongoing,FARPOINT PROPERTIES LLP,2017-08-21,"Sera 13, Gandhibaug Society Opp. Nirman Bhavan, Law Garden"
Surat,216190,2751780000,"R.S.No. 153, B/h Bhagwan Mahavir College,  2nd VIP Road, Vesu, Surat",NOT APPLICABLE,Paid,PRCNAH7O13068,1068,2751780000,Residential/Group Housing,1068,2751780000,PR/GJ/SURAT/SURAT CITY/SUDA/RAA01804/010318,"Poonyabhumi - A,B,C,F",Surat,2018-12-31 00:00:00, , ,PR/SURAT/SURAT CITY/SUDA/170731/001190,2013-10-30,2018-12-31,2017-07-31 00:00:00,rera@greengroup.co.in,Ongoing,RAJGREEN INFRASTRUCTURE,2018-03-01,"R.s.nO:-153, Punyabhoomi, 2nd VIP Road, Vesu,"
Surat,316300,2738240000,"TP-01 VESU,BLOCK 31 PAIKEE, FP-25, OPP JH AMBANI SCHOOL VESU,SURAT",GUJSR103100,Paid,PRC1ZD1853832,6832,2734990000,Commercial,6832,2734990000,PR/GJ/SURAT/SURAT CITY/SUDA/CAA04304/A1C/200922,HOME LAND CITY ,Surat,2024-02-15 00:00:00, , ,PR/SURAT/SURAT CITY/SUDA/180814/005908,2018-08-15,2024-02-15,2018-08-14 17:32:05,homeland@khuranabuildcomp.com,New,SHREE KRISHNA CORPORATION,2018-12-11,"TP-01 VESU, BLOCK 31 PAIKEE, FP-25, OPP JH AMBANI SCHOOL,  VESU,SURAT"
Vadodara,515385,2720000000,"""Akshar Pavilion"" New 30 Mtr.Dandia bazar Bhyali Road,before Priya Talkies,Gotri,",4790004335746,Paid,PRCP2XUT73404,3404,2720700000,Mixed Development,3404,2720700000,PR/GJ/VADODARA/VADODARA/Others/MAA01471/010218,Akshar Pavilion,Vadodara,2022-03-25 00:00:00, , ,PR/VADODARA/VADODARA/VADODARA TPO/170926/002788,2014-09-24,2022-03-25,2017-09-26 00:00:00,aksharpavilion@gmail.com,Ongoing,AKSHAR PHC REALCON,2018-02-01,"AKSHAR PAVILLION ,NEW 30 MTR DANDIA BAZAR-BHAYLI ROAD  BEFORE PRIYA TALKIES,GOTRI"
Ahmedabad,42050,2702550000,"THE WATERFALL, B/H SHIVALIK COMPLEX, OPP. AMBLI VILLAGE NR. PUSHPAK BUNGLOWS, AMBLI, AHMEDABAD-380015 ",GUJ/AMS/39057,Paid,PRCJZ08WY4407,8407,2702550000,Residential/Group Housing,8407,2702550000,PR/GJ/AHMEDABAD/DASKROI/AUDA/RAA05553/140619,THE WATERFALL,Ahmedabad,2024-06-30 00:00:00, , ,PR/AHMEDABAD/DASKROI/AHMEDABAD TPO/190521/007450,2019-05-08,2024-06-30,2019-05-14 17:56:46,shivanishah@armaandevelopers.com,New,ARMAAN INFRASTRUCTURE,2019-06-14,"B-404, Commerce House-5, Corporate Road, Prahladnagar,"
Ahmedabad,86505,2693330000,"GAJANAN 189, NR. RELIANCE PETROL PUMP VASTRAL",NOT APPLICABLE,Paid,PRCTT31N73352,3352,283641000,Mixed Development,3352,283641000,PR/GJ/AHMEDABAD/AHMEDABAD CITY/AUDA/MAA01449/300118,GAJANAN 189,Ahmedabad,2019-10-12 00:00:00, , ,PR/AHMEDABAD/AHMADABAD CITY/AUDA/170925/002743,2015-07-30,2019-10-12,2017-09-25 00:00:00,gajananconstruction99@gmail.com,Ongoing,SHREE RAM DEVELOPERS,2018-01-30,"GAJANAN 189, NR. RELIANCE PETROL PUMP S.P. RING ROAD, VASTRAL"
Vadodara,262950,2691000000,"NILAMBER BELLISSIMO III, NEAR NILAMBER BELLISSIMO VASNA BHAYLI ROAD, VADODARA.",GUJVA100570,Paid,PRCI0TGTX3326,6326,2691000000,Mixed Development,6326,2691000000,PR/GJ/VADODARA/VADODARA/Others/MAA03213/EX1/031023,NILAMBER BELLISSIMO III,Vadodara,2023-06-30 00:00:00,2024-06-30 00:00:00, ,PR/VADODARA/VADODARA/VADODARA TPO/180525/005441,2018-05-09,2024-06-30,2018-05-25 20:27:40,bellissimo3@nilambergroup.in,New,OCTANE INFRA-SPACE,2018-07-21,"NILAMBER ORIENS, 11,NILAMBER ORIENS OPP SHREEM SHRUSHTI,SUNPHARMA ROAD,VADSAR KALALI,"
Surat,568343,2687670000,"R.S. NO. 44/2, T.P.S. NO. 65 (VESU-BHARTHANA-ALTHAN),  O.P. NO. 18, F.P. NO. 18,",AAX1334,Paid,PRC18S5EA6240,16240,2687670000,Mixed Development,19177,2687670000,PR/GJ/SURAT/SURAT CITY/SUDA/MAA12157/180823,ESTELLA,Surat,2029-12-31 00:00:00, , ,PR/SURAT/SURAT CITY/GUJRERA/230606/014850,2023-05-25,2028-11-01,2023-05-31 12:40:15,legal@roongtadevelopers.com,New,SKYTOWER ENTERPRISES LLP,2023-08-18,"4TH FLOOR, ROONGTA SHOPPING CENTRE, BESIDES WHITE HOUSE, OPP. NANDANVAN – 2, VIP ROAD, VESU,"
Ahmedabad,300475,2668490000,"Opp The National Higher Secondary School  Nr Parshwanath Jain Mandir ,Bhuyangdev , Sola Road ",U45200GJ2005PTC046542,Paid,PRC6AZPRX4318,8318,2668490000,Commercial,8318,2668490000,PR/GJ/AHMEDABAD/AHMEDABAD CITY/AUDA/CAA05444/150519,Solaris Business Hub,Ahmedabad,2025-09-30 00:00:00, , ,PR/AHMEDABAD/AHMEDABAD CITY/AUDA/190509/007361,2019-04-25,2025-09-30,2019-05-02 15:40:25,aryangroupacc@gmail.com,New,AARYAN INFRA-BUILD PRIVATE LIMITED,2019-05-15,"G-1, Ground Floor, Ambica House, Opp Patel Avenue S G Road"
